,precision,recall,f1-score,support
0,0.8192197906755471,0.8318840579710145,0.825503355704698,1035.0
1,0.5139664804469274,0.4919786096256685,0.5027322404371585,374.0
accuracy,0.7416607523066004,0.7416607523066004,0.7416607523066004,0.7416607523066004
macro avg,0.6665931355612372,0.6619313337983415,0.6641177980709283,1409.0
weighted avg,0.7381944265694408,0.7416607523066004,0.7398281270957131,1409.0
